{
  "countries": [
    {
      "code": "CAN",
      "country": "Canada",
      "currency" : "CAN",
      "states": ["Alberta", "British Columbia", "Manitoba", "New Brunswick", "Newfoundland and Labrador", "Northwest Territories", "Nova Scotia", "Nunavut", "Ontario", "Prince Edward Island", "Quebec", "Saskatchewan", "Yukon Territory"]
    },
    {
      "code": "MEX",
      "country": "Mexico",
      "currency" : "MXN",
      "states": ["Aguascalientes", "Baja California", "Baja California Sur", "Campeche", "Chiapas", "Chihuahua", "Coahuila de Zaragoza", "Colima", "Distrito Federal", "Durango", "Guanajuato", "Guerrero", "Hidalgo", "Jalisco", "Mexico", "Michoacan de Ocampo", "Morelos", "Nayarit", "Nuevo Leon", "Oaxaca", "Puebla", "Queretaro de Arteaga", "Quintana Roo", "San Luis Potosi", "Sinaloa", "Sonora", "Tabasco", "Tamaulipas", "Tlaxcala", "Veracruz-Llave", "Yucatan", "Zacatecas"]
    },
    {
      "code": "USA",
      "country": "United States",
      "currency" : "USD",
      "states": ["Alabama", "Alaska", "Arizona", "Arkansas", "California", "Colorado", "Connecticut", "Delaware", "District of Columbia", "Florida", "Georgia", "Hawaii", "Idaho", "Illinois", "Indiana", "Iowa", "Kansas", "Kentucky", "Louisiana", "Maine", "Maryland", "Massachusetts", "Michigan", "Minnesota", "Mississippi", "Missouri", "Montana", "Nebraska", "Nevada", "New Hampshire", "New Jersey", "New Mexico", "New York", "North Carolina", "North Dakota", "Ohio", "Oklahoma", "Oregon", "Pennsylvania", "Rhode Island", "South Carolina", "South Dakota", "Tennessee", "Texas", "Utah", "Vermont", "Virginia", "Washington", "West Virginia", "Wisconsin", "Wyoming"]
    }
  ]
}